{"Xs_distill_grid":{"format":"png","width":800,"height":800,"_type":"image-file","sha256":"faf21a2e23acb2397e5f145facccc73f25e67456be1d6ba3beed61a49f3d210e","size":55517,"path":"media/images/Xs_distill_grid_154_faf21a2e23acb2397e5f.png"},"_wandb":{"runtime":10665},"epoch":200,"loss":6343.838780775253,"test_accuracy":73.94,"_timestamp":1.7325630249290507e+09,"_runtime":10665.970295218,"_step":203}