{"Xs_distill_image":{"path":"media/images/Xs_distill_image_1_4fcb29d0cfc32e0e2dea.png","format":"png","width":28,"height":28,"_type":"image-file","sha256":"4fcb29d0cfc32e0e2dea2922e150fb532f064ac03281d7af7c183eb97725cece","size":880},"_wandb":{"runtime":163},"loss":15609.881815115272,"test_accuracy":14.84,"_timestamp":1.732546417063409e+09,"_runtime":161.778694964,"_step":3,"epoch":3}