{"epoch":8,"loss":68.84446839154776,"test_accuracy":12.93,"_timestamp":1.7325523264034214e+09,"Xs_distill_grid":{"_type":"image-file","sha256":"294e95120e12a31d2b1e42ca19a64b2b18881ab04e7826d93142d0ccc3efa2a9","size":55875,"path":"media/images/Xs_distill_grid_1_294e95120e12a31d2b1e.png","format":"png","width":800,"height":800},"_wandb":{"runtime":115},"_runtime":107.687590437,"_step":8}