{"_timestamp":1.7325633848961945e+09,"_runtime":11028.126541588,"_step":203,"epoch":200,"Xs_distill_grid":{"_type":"image-file","sha256":"884e2d9913c9d5760a55a89810336ee18510f6ce0c143be5ab23b5583c64ebd3","size":47511,"path":"media/images/Xs_distill_grid_154_884e2d9913c9d5760a55.png","format":"png","width":800,"height":800},"_wandb":{"runtime":11028},"loss":-79.95468170556433,"test_accuracy":52.559999999999995}