{"_runtime":317.139634148,"Xs_distill_grid":{"path":"media/images/Xs_distill_grid_1_35c04650ec22f874fd2f.png","format":"png","width":800,"height":800,"_type":"image-file","sha256":"35c04650ec22f874fd2f31c6e90d6f10758f85906a4317bb1cb833cb6e1633b2","size":55314},"_wandb":{"runtime":338},"_step":6,"epoch":6,"loss":7522.279939240739,"test_accuracy":14.71,"_timestamp":1.7325467424701862e+09}