{"_wandb":{"runtime":102},"_timestamp":1.7325523294421644e+09,"_runtime":99.519741907,"_step":8,"epoch":8,"loss":169058.8938029661,"test_accuracy":16.85,"Xs_distill_grid":{"format":"png","width":800,"height":800,"_type":"image-file","sha256":"35f857fe7d45dff16f7b29e960701ba51e2ae162b95340d492bf91557d523d37","size":55780,"path":"media/images/Xs_distill_grid_1_35f857fe7d45dff16f7b.png"}}